{"cameraMode":{"drawMode":0,"name":"Shaded","section":"Shading Mode"},"sceneLighting":false,"audioPlay":false,"sceneViewState":{"m_AlwaysRefresh":false,"showFog":true,"showSkybox":false,"showFlares":true,"showImageEffects":true,"showParticleSystems":true,"showVisualEffectGraphs":true,"m_FxEnabled":true},"in2DMode":false,"pivot":{"x":-1.2523014545440674,"y":1.7188169956207276,"z":10.294536590576172},"rotation":{"x":-0.07834649085998535,"y":0.16728214919567109,"z":-0.013672443106770516,"w":-0.9829230904579163},"size":2.1807878017425539,"orthographic":false}