{"cameraMode":{"drawMode":0,"name":"Shaded","section":"Shading Mode"},"sceneLighting":false,"audioPlay":false,"sceneViewState":{"m_AlwaysRefresh":false,"showFog":true,"showSkybox":false,"showFlares":true,"showImageEffects":true,"showParticleSystems":true,"showVisualEffectGraphs":true,"m_FxEnabled":true},"in2DMode":false,"pivot":{"x":-0.051401831209659579,"y":0.21352365612983704,"z":0.2571275234222412},"rotation":{"x":0.09385780245065689,"y":0.8502432703971863,"z":-0.49135076999664309,"w":0.16837888956069947},"size":0.534888744354248,"orthographic":false}