{"cameraMode":{"drawMode":0,"name":"Shaded","section":"Shading Mode"},"sceneLighting":true,"audioPlay":false,"sceneViewState":{"m_AlwaysRefresh":false,"showFog":true,"showSkybox":true,"showFlares":true,"showImageEffects":true,"showParticleSystems":true,"showVisualEffectGraphs":true,"m_FxEnabled":true},"in2DMode":false,"pivot":{"x":-0.2579483389854431,"y":0.8961151838302612,"z":2.1539340019226076},"rotation":{"x":-0.021611429750919343,"y":-0.034850507974624637,"z":-0.005542110186070204,"w":-1.001025676727295},"size":0.7675797343254089,"orthographic":false}