{"cameraMode":{"drawMode":0,"name":"Shaded","section":"Shading Mode"},"sceneLighting":true,"audioPlay":false,"sceneViewState":{"m_AlwaysRefresh":false,"showFog":true,"showSkybox":true,"showFlares":true,"showImageEffects":true,"showParticleSystems":true,"showVisualEffectGraphs":true,"m_FxEnabled":true},"in2DMode":false,"pivot":{"x":0.3867568373680115,"y":2.6243364810943605,"z":-0.306755393743515},"rotation":{"x":-0.10985159128904343,"y":0.20740200579166413,"z":-0.021397238597273828,"w":-0.9730067849159241},"size":1.6903505325317383,"orthographic":false}