{"cameraMode":{"drawMode":0,"name":"Shaded","section":"Shading Mode"},"sceneLighting":true,"audioPlay":false,"sceneViewState":{"m_AlwaysRefresh":false,"showFog":true,"showSkybox":true,"showFlares":true,"showImageEffects":true,"showParticleSystems":true,"showVisualEffectGraphs":true,"m_FxEnabled":true},"in2DMode":false,"pivot":{"x":-0.08055580407381058,"y":1.1044516563415528,"z":2.160290241241455},"rotation":{"x":0.14142568409442902,"y":-0.3037443161010742,"z":0.044694822281599048,"w":0.9415370225906372},"size":17.41638946533203,"orthographic":false}