{"cameraMode":{"drawMode":0,"name":"Shaded","section":"Shading Mode"},"sceneLighting":true,"audioPlay":false,"sceneViewState":{"m_AlwaysRefresh":false,"showFog":true,"showSkybox":true,"showFlares":true,"showImageEffects":true,"showParticleSystems":true,"showVisualEffectGraphs":true,"m_FxEnabled":true},"in2DMode":false,"pivot":{"x":-1.223559021949768,"y":-0.37827932834625246,"z":10.740756034851075},"rotation":{"x":-0.1070593073964119,"y":0.1156187504529953,"z":-0.017455363646149637,"w":-0.9893010854721069},"size":7.109688758850098,"orthographic":false}