{"cameraMode":{"drawMode":0,"name":"Shaded","section":"Shading Mode"},"sceneLighting":true,"audioPlay":false,"sceneViewState":{"m_AlwaysRefresh":false,"showFog":true,"showSkybox":true,"showFlares":true,"showImageEffects":true,"showParticleSystems":true,"showVisualEffectGraphs":true,"m_FxEnabled":true},"in2DMode":false,"pivot":{"x":-1.4534512758255005,"y":-2.6645236015319826,"z":7.4566216468811039},"rotation":{"x":0.189969003200531,"y":-0.09944848716259003,"z":0.013001185841858387,"w":0.9776931405067444},"size":6.857815265655518,"orthographic":false}