{"cameraMode":{"drawMode":0,"name":"Shaded","section":"Shading Mode"},"sceneLighting":true,"audioPlay":false,"sceneViewState":{"m_AlwaysRefresh":false,"showFog":true,"showSkybox":true,"showFlares":true,"showImageEffects":true,"showParticleSystems":true,"showVisualEffectGraphs":true,"m_FxEnabled":true},"in2DMode":false,"pivot":{"x":2.2200000286102297,"y":1.2379999160766602,"z":3.0399997234344484},"rotation":{"x":0.029134999960660936,"y":0.38492414355278017,"z":-0.004496337380260229,"w":0.9235814213752747},"size":2.2984397411346437,"orthographic":false}