{"cameraMode":{"drawMode":0,"name":"Shaded","section":"Shading Mode"},"sceneLighting":false,"audioPlay":false,"sceneViewState":{"m_AlwaysRefresh":false,"showFog":true,"showSkybox":false,"showFlares":true,"showImageEffects":true,"showParticleSystems":true,"showVisualEffectGraphs":true,"m_FxEnabled":true},"in2DMode":false,"pivot":{"x":0.06420961022377014,"y":1.3661465644836426,"z":0.3038780689239502},"rotation":{"x":0.1439940333366394,"y":0.16709910333156587,"z":-0.028978051617741586,"w":0.9763717651367188},"size":7.083153247833252,"orthographic":false}